<?xml version="1.0" encoding="UTF-8"?>
<project-private xmlns="http://www.netbeans.org/ns/project-private/1">
    <editor-bookmarks xmlns="http://www.netbeans.org/ns/editor-bookmarks/2" lastBookmarkId="0"/>
    <open-files xmlns="http://www.netbeans.org/ns/projectui-open-files/2">
        <group>
            <file>file:/C:/Users/Arell/OneDrive/Documentos/NetBeansProjects/BaseDeDatosAvanzada/CapaPresentacionProyectoU2/src/Pantallas/PlacasUsadoPanel.java</file>
            <file>file:/C:/Users/Arell/OneDrive/Documentos/NetBeansProjects/BaseDeDatosAvanzada/CapaPresentacionProyectoU2/src/Pantallas/PlacasPanel.java</file>
            <file>file:/C:/Users/Arell/OneDrive/Documentos/NetBeansProjects/BaseDeDatosAvanzada/CapaPresentacionProyectoU2/src/Pantallas/PlacasNuevoPanel.java</file>
            <file>file:/C:/Users/Arell/OneDrive/Documentos/NetBeansProjects/BaseDeDatosAvanzada/CapaPresentacionProyectoU2/src/Pantallas/ConsultaPanel.java</file>
            <file>file:/C:/Users/Arell/OneDrive/Documentos/NetBeansProjects/BaseDeDatosAvanzada/CapaPresentacionProyectoU2/src/Pantallas/ReportePanel.java</file>
            <file>file:/C:/Users/Arell/OneDrive/Documentos/NetBeansProjects/BaseDeDatosAvanzada/CapaPresentacionProyectoU2/src/Pantallas/InicioMenuPanel.java</file>
            <file>file:/C:/Users/Arell/OneDrive/Documentos/NetBeansProjects/BaseDeDatosAvanzada/CapaPresentacionProyectoU2/src/Pantallas/ValidarLicencia.java</file>
        </group>
    </open-files>
</project-private>
